assertion_id,fixture_id,kind,statement,basis_refs
AKF-A001,AKF-001,must,One claim revision can point to an exact location in one representation without making page/article/item universal claim fields.,AKS-T001
AKF-A002,AKF-001,must_not,A claim may not cite only a civic document label when exact representation context is available.,AKS-C029
AKF-A003,AKF-002,must,Acquisition observations distinguish target/time/outcome from artifact bytes.,AKS-C009
AKF-A004,AKF-002,must,Repeated identical bytes may reuse artifact storage while preserving a new observation.,AKS-C052
AKF-A005,AKF-002,must_not,A later 404 or absence may not delete or negate prior evidence.,AKS-C044
AKF-A006,AKF-003,must,Unknown document typing remains ingestible and searchable when generic extraction works.,AKS-T022
AKF-A007,AKF-003,must_not,A specialized parser facing unexpected structure may not guess plausible semantic units.,AKS-T020
AKF-A008,AKF-004,must,One artifact/representation may support more than one CivicDocument identity without duplicating bytes.,AKS-C012;AKS-T008
AKF-A009,AKF-004,may,DocumentPart or collection structure is introduced only if semantic independence/citation requires it.,AKS-C012;AKS-C087
AKF-A010,AKF-005,must,A spreadsheet locator identifies sheet/table/range or row/header context plus observed values under a typed locator contract.,AKS-T001
AKF-A011,AKF-006,must,Machine-only claims are valid searchable records in supervised mode.,AKS-C028
AKF-A012,AKF-006,must,One operator action may apply deterministic per-record review decisions to many exact claim revisions.,AKS-C055
AKF-A013,AKF-006,must_not,Batch UX may not imply one synthetic approval that hides individual claim outcomes.,AKS-C055
AKF-A014,AKF-007,must,The exact source string for an entity mention survives independently from any resolved Entity.,AKS-C021
AKF-A015,AKF-007,must,Unresolved entity mentions remain legitimate data.,AKS-C043
AKF-A016,AKF-007,must,Architecture must decide whether EntityMention is a core record or an equivalent provenance-preserving structure before SQL.,AKS-C064;AKS-C116;AKS-T019
AKF-A017,AKF-008,must_not,Equal person names may not merge identities without independent evidence.,AKS-C022;AKS-C023;AKS-C097
AKF-A018,AKF-008,must,Candidate resolution can remain unresolved or machine-suggested pending review.,AKS-T018
AKF-A019,AKF-009,must,Stable local entity identity survives changing observed names.,AKS-T017
AKF-A020,AKF-009,must,Merge/split reconciliation preserves history rather than silently rewriting old claim anchors.,AKS-C097;AKS-C115;AKS-T017
AKF-A021,AKF-009,must,The minimal persistent merge/split mechanism must be chosen before schema freeze.,AKS-C097;AKS-C115;AKS-T017
AKF-A022,AKF-010,must,ClaimRelation endpoints bind exact claim revisions.,AKS-C041
AKF-A023,AKF-010,must,A material claim correction does not silently retarget an existing relation.,AKS-C041
AKF-A024,AKF-010,must,Machine-only relation candidates preserve origin and inspectable basis/rationale.,AKS-T002;AKS-T023;AKS-C077
AKF-A025,AKF-011,must,Many claims can share one Entity/Tag anchor without pairwise claim edges.,AKS-C041;AKS-T017;AKS-T027
AKF-A026,AKF-011,must_not,Transitive relations discovered during traversal may not be materialized as canonical edges without independent basis.,AKS-C129
AKF-A027,AKF-011,must,Recursive relation queries are bounded by depth/result policy.,AKS-T030
AKF-A028,AKF-012,must,EvidenceLink challenges and ClaimRelation contradicts remain different semantic contracts.,AKS-T001;AKS-C015;AKS-C042
AKF-A029,AKF-012,must,Conflicting sourced claims can coexist without ActaKit selecting a universal truth.,AKS-T013
AKF-A030,AKF-013,must,When role/time/amount belongs to a relationship itself the model has a promotion path beyond a simple ClaimRelation.,AKS-C015;AKS-C042;AKS-C093;AKS-C100
AKF-A031,AKF-013,must_not,Rich association attributes may not be hidden in arbitrary generic edge JSON by default.,AKS-T015
AKF-A032,AKF-013,must,The minimal rich-association/event contract must be decided or explicitly deferred with a migration-safe boundary before SQL.,AKS-C015;AKS-C042;AKS-C093;AKS-C100
AKF-A033,AKF-014,must,Hilo/Episode can be implemented outside core using the same read model as a structurally different output.,AKS-C045;AKS-T026
AKF-A034,AKF-014,must_not,Output code may not silently mutate canonical civic records.,AKS-C045;AKS-C110
AKF-A035,AKF-015,must,A complete backup names both canonical database and evidence archive and verifies checksums/consistency on restore.,AKS-C008;AKS-C120;AKS-C126;AKS-T005
AKF-A036,AKF-015,may,Transfer packaging can borrow BagIt-like manifests without changing the internal domain model.,AKS-C008;AKS-T005
AKF-A037,AKF-016,must,Public/redacted derivatives remain distinct from custody originals.,AKS-C030;AKS-C069;AKS-C112
AKF-A038,AKF-016,must,Lawful deletion/purge requires an explicit policy boundary before claiming immutable custody.,AKS-C007;AKS-C079;AKS-C132;AKS-C133
AKF-A039,AKF-002,must,Repeated identical captures retain distinct logical Artifact identities while physical bytes may deduplicate through one ArchiveObject.,AKS-C009;AKS-C052;AKS-C006
AKF-A040,AKF-010,must,A source-backed ClaimRelation revision can point to exact source evidence independently from its endpoint ClaimRevisions.,AKS-T001;AKS-T023;AKS-C029
AKF-A041,AKF-013,must,The first schema contains a concrete typed RoleAssignment because the fixture already proves role and validity interval belong to the relationship itself.,AKS-C015;AKS-C093;AKS-C100;AKS-T012;AKS-T015
AKF-A042,AKF-016,must_not,A SQL DELETE or ordinary FTS row removal alone may not be reported as completed content purge.,AKS-C132;AKS-C133
AKF-A043,AKF-016,must,A purge freezes an exact inspectable target manifest before execution and expands any canonical derivative that still retains prohibited material.,AKS-C007;AKS-C079;AKS-C132;AKS-C133
AKF-A044,AKF-016,must,Purge reporting distinguishes current ActaKit authority from retained backups or storage outside the declared erasure boundary.,AKS-C079;AKS-C120;AKS-C126
AKF-A045,AKF-016,must,Shared physical bytes cannot be claimed erased while an in-scope retained Artifact still lawfully references the same ArchiveObject.,AKS-C052;AKS-C132
AKF-A046,AKF-011,must,ClaimRelation traversal distinguishes deduplicated node reachability from edge/path enumeration so parallel direct relations remain inspectable without multiplying reachability results.,AKS-C136;AKS-T030
AKF-A047,AKF-002,must,When an Acquisition records a source locator the locator must belong to the same Source identity recorded by that Acquisition.,AKS-C009
AKF-A048,AKF-001,must,A retained Representation belongs to one Artifact custody chain and a parent Representation cannot silently come from a different Artifact.,AKS-T002;AKS-C119
AKF-A049,AKF-007,must,A mention-derived ClaimEntityLink records the exact accepted MentionResolutionRevision that resolved that mention to that Entity.,AKS-C021;AKS-C063;AKS-C097
AKF-A050,AKF-009,must,A later mention-resolution correction or entity split cannot leave a superseded ClaimEntityLink indistinguishable from the current anchor.,AKS-C097;AKS-C115;AKS-T017
AKF-A051,AKF-009,must,EntityReconciliation distinguishes candidate operative and rejected lineage and preserves attributable review instead of letting every recorded merge/split affect current retrieval.,AKS-C063;AKS-C097;AKS-C115
AKF-A052,AKF-011,must,A wrong machine Tag anchor can be rejected/corrected without deleting its historical assignment or forcing a new ClaimRevision.,AKS-C041;AKS-C055;AKS-C077
AKF-A053,AKF-006,must,A persisted machine/rule semantic output retains attributable ProcessRun identity rather than origin_kind alone.,AKS-C004;AKS-C077;AKS-T002
AKF-A054,AKF-009,must,Promoting or correcting an EntityReconciliation preserves the prior candidate/event through explicit supersession rather than mutating its lifecycle in place.,AKS-C063;AKS-C097;AKS-C115
AKF-A055,AKF-003,must,Correcting title issuer date language or visibility preserves stable CivicDocument identity and prior metadata through a new CivicDocumentRevision.,AKS-C011;AKS-C051;AKS-C066;AKS-C118
AKF-A056,AKF-011,must,Relation-type directionality is explicit: symmetric contradictions/same-matter are retrievable from either endpoint while directed relations are not silently reversed or duplicated.,AKS-C041;AKS-C129;AKS-T030
